{"cameraMode":{"drawMode":0,"name":"Shaded","section":"Shading Mode"},"sceneLighting":false,"audioPlay":false,"sceneViewState":{"m_AlwaysRefresh":false,"showFog":true,"showSkybox":false,"showFlares":true,"showImageEffects":true,"showParticleSystems":true,"showVisualEffectGraphs":true,"m_FxEnabled":true},"in2DMode":false,"pivot":{"x":0.00020980089902877808,"y":-0.0011781426146626473,"z":-0.5099999904632568},"rotation":{"x":0.09607478976249695,"y":-0.042987290769815448,"z":0.004278781823813915,"w":0.994523286819458},"size":2.436037063598633,"orthographic":false}